{
  "predicted": 2.7024986943580482,
  "actual": 3.3125,
  "pct_error": 18.415133755228734,
  "n_params": 163037184,
  "tokens": 3260743680
}
