{
  "E": 2.0278750812152175,
  "A": 25745.321110971938,
  "alpha": 0.5598387741073566,
  "B": 5104.575264057732,
  "beta": 0.5594980769858954
}